interaction_id,from_user_id,to_user_id,activity_id,interaction_type,timestamp
f35cc640-7d47-482d-9a92-e13ccdbdb138,LRR0148,unknown,3db5736b-f152-44ca-a5b2-19fbbe3f1dee,http,01/02/2010 06:55:16
f839de62-5859-40af-a411-f5479aef1408,NGF0157,unknown,01eebfec-6b6b-4036-822b-373a51b8b206,http,01/02/2010 07:00:13
9579cabe-7952-49c9-acc0-1a0584106a56,NGF0157,unknown,6a5e0882-9662-49cb-a7e0-3989670b9b05,http,01/02/2010 07:03:46
dee7c269-04f9-4041-8683-a1f9b79e09bc,IRM0931,unknown,a4bce624-8cf4-4919-9f50-03025c6547c6,http,01/02/2010 07:05:26
6df5bfa2-2d87-49cb-afe7-1435d2179d53,IRM0931,unknown,26311e03-c49d-484f-b459-84654556205b,http,01/02/2010 07:05:52
5cd33bcf-ed70-4ed1-b73b-58e8ab086577,IRM0931,unknown,e969fc86-1266-4e66-afec-999dfb867134,http,01/02/2010 07:05:55
530362be-2371-45f5-96ef-d995e09a72cc,LRR0148,unknown,46746015-6335-4b7d-b171-0ac2bb39bcad,http,01/02/2010 07:06:28
d25ad2a2-96ca-4595-b80f-7934770e7079,IRM0931,unknown,ac94b711-f189-4958-a619-b696283d41c3,http,01/02/2010 07:06:33
af915afa-11ff-4c8c-97c1-394e0fa10eb8,NGF0157,unknown,021dee57-40e0-4cec-84ed-25aedfe00aa7,http,01/02/2010 07:07:16
3dbfe731-fcb3-4ef2-a79c-65d963f9a977,LRR0148,unknown,38409b73-4d17-4043-8b1d-5a179120af05,http,01/02/2010 07:07:50
322ed5f8-6392-46c2-a09c-14b9494446c8,IRM0931,unknown,1d9e4447-a2ed-471f-8537-bded89f65034,http,01/02/2010 07:08:11
2b99cce4-94ed-4155-b61e-5a6e73555f61,NGF0157,unknown,9d6dd2eb-879a-43ca-aa49-aa87f04928b4,http,01/02/2010 07:08:31
04bc1909-5b79-4f1b-9ad9-0be7765d3706,LRR0148,unknown,e9019459-39bc-4b17-9cd4-05c63e0f84e5,http,01/02/2010 07:11:17
a21559ab-42e9-4d9f-a729-e61dc55bec16,LRR0148,unknown,b796298b-ae68-4edb-a5da-1b3672be421e,http,01/02/2010 07:12:32
2d560cd0-6411-42a7-b237-b3def9ac7639,LAP0338,unknown,c3d773f7-bdae-40d0-aad4-4bb00a72ee86,http,01/02/2010 07:12:35
24110603-1d7b-4650-ab6a-aaef8357c670,LAP0338,unknown,ec9cd362-0e38-4f3c-9674-e2068fabebc0,http,01/02/2010 07:12:39
ef022611-5c88-458e-b3ed-f7b9afcecb3d,LAP0338,unknown,c377fbc7-5a95-448f-b6a0-7533e01cda12,http,01/02/2010 07:12:56
aef9b201-6d99-4fae-bd16-01ad8c1218c2,LAP0338,unknown,10e1e8b6-fa7e-4020-9f5f-b9eeea42bd1c,http,01/02/2010 07:13:23
f972fe0c-1248-456a-90e2-258498cbc7a3,LAP0338,unknown,9b56be9f-f86f-4064-a038-9cbdbd7e60c8,http,01/02/2010 07:13:38
4fa1ec20-b7c9-477c-a676-07eddb908814,LAP0338,unknown,affb848e-a9dc-468a-8243-41205389a483,http,01/02/2010 07:13:52
d3a1d129-c301-4d49-a22c-9b9b4ece479b,LAP0338,unknown,799291d6-670f-44a3-baa9-904e992d856b,http,01/02/2010 07:14:12
97a41227-677e-4018-ae61-cda5b24ef0c8,LAP0338,unknown,5f841008-f160-4679-b5ca-2e3dda92f013,http,01/02/2010 07:14:13
5dd940f4-de96-4fbb-ac4c-e019770fc520,LAP0338,unknown,71eb37d7-96a5-488c-8bce-680a4da82661,http,01/02/2010 07:14:28
e79b99c2-db06-42e9-8f11-1605d40f81d8,MOH0273,unknown,904fc4f6-54f2-48c3-b3e4-b1ef69e7ccdc,file,01/02/2010 07:23:14
da54c989-adca-411b-a8f4-427653f7ee74,MOH0273,unknown,f96f0625-42d2-4e23-930d-283ba854e3d1,file,01/02/2010 07:26:19
c9cdfd2e-460a-4441-82f8-13d5cd186626,HPH0075,unknown,ccb376ef-7bab-48db-9658-3f5e95263d4e,file,01/02/2010 08:12:03
5b00582f-9a15-4a4c-be0a-ab72ba700a87,HPH0075,unknown,c9fdbc6f-eeec-4079-a2bf-81caf12295be,file,01/02/2010 08:17:00
d6313acc-af04-4426-82ed-62d7d8e0b71f,HSB0196,unknown,27a48593-2c89-4546-82b2-a830957801b9,file,01/02/2010 08:24:57
6dafed29-412f-488d-a0f8-5deaf993a704,RRC0553,unknown,2fb8bf40-6ef6-4bc4-9cbb-cbbd0dc6c2fc,file,01/02/2010 08:26:49
9a68583c-de3d-4cb0-a5e2-db4b6c6aa6a8,RRC0553,unknown,731a02d9-d40b-4010-a8fa-27c90b2b29f5,file,01/02/2010 08:27:27
cded3fd3-efed-4a06-9df7-20e17fb9b0a0,RRC0553,unknown,f2d77268-6727-4856-9f0c-43bdc9b542e2,file,01/02/2010 08:27:37
1bed06bc-53d0-4792-bfb1-eaa935d5b865,LAP0338,Dean.Flynn.Hines@dtaa.com;Wade_Harrison@lockheedmartin.com,122e2a0c-05a4-46b2-8852-a70729dae8b8,email,01/02/2010 07:11:45
feec2309-b33d-4594-8394-0072515015a7,MOH0273,Odonnell-Gage@bellsouth.net,7102af12-dd59-44dd-b062-e48eefeea2ab,email,01/02/2010 07:12:16
6c9a6c46-699f-43fb-b88e-94e7c006d253,LAP0338,Penelope_Colon@netzero.com,3ecb97b5-44eb-4ad5-b9d7-58b18793f92b,email,01/02/2010 07:13:00
ecf0702e-2e22-4123-b69d-337f6138253d,LAP0338,Judith_Hayden@comcast.net,9d0a03c9-204c-4009-bc05-bd18b8305d1e,email,01/02/2010 07:13:17
495efc45-af41-425d-a4ab-972f710dfb5f,MOH0273,Bond-Raymond@verizon.net;Alea_Ferrell@msn.com;Jane_Mcdonald@juno.com,e083dc28-e6ed-4abb-ae8c-6321c4d4dac5,email,01/02/2010 07:13:28
cb9cb780-e37b-43e6-8ad9-bea9bb62e6e7,HVB0037,Gaines-Joseph@msn.com,5e290869-6c95-4dd2-85ac-1b3d858e772a,email,01/02/2010 07:36:03
9d575547-5f39-411a-a726-8a60f5499ce8,NWK0215,Heidi_Wilson@msn.com;Rowan_N_Parks@juno.com,32cbf8c6-10c3-40e4-a40b-934a9508553f,email,01/02/2010 07:52:20
7afa8413-e5b9-4722-bea6-f71fce40e25b,LRR0148,Eve.Isadora.Mckenzie@dtaa.com,0616ea0e-8167-4b15-857b-71c6ca76eded,email,01/02/2010 07:54:12
